<?xml version="1.0" encoding="UTF-8"?>
    <addon id="repository.flowko" name="Hello World" version="0.1.0" provider-name="EF">
        <requires>
            <import addon="xbmc.addon" version="12.0.0"/>
        </requires>
        <extension point="xbmc.addon.repository" name="Hello World">
            <info compressed="false">https://raw.githubusercontent.com/blueapples/flowko/_repo/addons.xml</info>
            <checksum>https://raw.githubusercontent.com/blueapples/flowko/_repo/addons.xml.md5</checksum>
            <datadir zip="true">https://raw.githubusercontent.com/blueapples/flowko/_repo/</datadir>
            <hashes>false</hashes>
        </extension>
        <extension point="xbmc.addon.metadata">
            <summary>A hello world addon</summary>
            <description>A hello world addon</description>
            <platform>all</platform>
    </extension>
</addon>